<?xml version="1.0" encoding="UTF-8"?>
<!--
To change this template, choose Tools | Templates
and open the template in the editor.
-->
<!DOCTYPE library PUBLIC "-//NetBeans//DTD Library Declaration 1.0//EN" "http://www.netbeans.org/dtds/library-declaration-1_0.dtd">
<library version="1.0">
    <name>cubes</name>
    <type>j2se</type>
    <localizing-bundle>com.cubes.Bundle</localizing-bundle>
    <volume>
        <type>classpath</type>
        <resource>jar:nbinst://com.cubes/libs/Cubes.jar!/</resource>
        <resource>jar:nbinst://com.cubes/libs/cubes-assets.jar!/</resource>
    </volume>
    <volume>
        <type>src</type>
    </volume>
    <volume>
        <type>javadoc</type>
    </volume>
</library>
